id,source,published,title,use_level,format,source_file,normalized_file,source_url,sha256,scenario_focus,platform,validation
CISA-AA24-326A,CISA,2024-11-21,Enhancing Cyber Resilience: Insights from the CISA Red Team Assessment,A,PDF,CISA/2024-11-21_AA24-326A_CISA-Red-Team-Assessment.pdf,,https://www.cisa.gov/sites/default/files/2024-11/aa24-326a-enhancing-cyber-resilience-insights-from-cisa-red-team-assessment.pdf,e8c02a9f929c05fd203df75e8b8ec392f80dbc14865fddb20d87d953f849516e,red-team intrusion; persistence; credential access; detection gaps; response,Windows/AD,PDF; 36 pages; readable
CISA-AA23-158A,CISA/FBI,2023-06-07,#StopRansomware: CL0P Ransomware Gang Exploits MOVEit Vulnerability,B,PDF,CISA/2023-06-07_AA23-158A_CL0P-MOVEit.pdf,,https://www.cisa.gov/sites/default/files/2023-06/aa23-158a-stopransomware-cl0p-ransomware-gang-exploits-moveit-vulnerability_7.pdf,a7a56a40017d97ea4ee9753128f13ceeb1b7f3e6265cd98d495f8bd1c0e55191,public-facing exploitation; webshell; file access; exfiltration,Windows/Enterprise,PDF; 24 pages; readable
CISA-AA23-320A,CISA/FBI,2023-11-16,Scattered Spider,B,PDF,CISA/2023-11-16_AA23-320A_Scattered-Spider.pdf,,https://www.cisa.gov/sites/default/files/2023-11/aa23-320a_scattered_spider_0.pdf,896169adc12391372fe2b69d0f83321f21a5baa7753f8c155122ff37e3d946ae,social engineering; valid accounts; remote access tools; exfiltration,Windows/Cloud,PDF; 14 pages; readable
CISA-AA25-022A,CISA/FBI,2025-01-22,Threat Actors Chained Vulnerabilities in Ivanti Cloud Service Applications,A,PDF,CISA/2025-01-22_AA25-022A_Ivanti-CSA-Chained-Vulnerabilities.pdf,,https://www.cisa.gov/sites/default/files/2025-02/aa25-022a-threat-actors-chained-vulnerabilities-in-ivanti-cloud-service-applications_2.pdf,6665303716010e2f417f8df892922f43d054b32af9069f919760282b13e9c98a,vulnerability chaining; webshells; detection; lateral movement,Linux appliance/Enterprise,PDF; 37 pages; readable
CISA-AA23-136A,CISA/FBI/ACSC,2023-05-16,#StopRansomware: BianLian Ransomware Group,B,PDF,CISA/2023-05-16_AA23-136A_BianLian.pdf,,https://www.cisa.gov/sites/default/files/2023-05/aa23-136a_stopransomware_bianlian_ransomware_group_1.pdf,13310d72b9954f9086e8bc33a2430d165c90d2f581c104e487ca1171b076493c,valid RDP accounts; PowerShell; credential access; exfiltration; extortion,Windows/AD,PDF; 23 pages; readable
CISA-AA24-109A,CISA/FBI/EC3/NCSC-NL,2024-04-18,#StopRansomware: Akira Ransomware,B,PDF,CISA/2024-04-18_AA24-109A_Akira.pdf,,https://www.cisa.gov/sites/default/files/2024-04/aa24-109a-stopransomware-akira-ransomware_2.pdf,349135673f3843e1320d6d6d6ad4ec7a3e474defadcff0e10627577dd1fc0075,VPN access; account creation; Kerberoasting; LSASS; ransomware,Windows/Linux/ESXi,PDF; 14 pages; readable
CISA-AA24-131A,CISA/FBI/HHS/MS-ISAC,2024-05-10,#StopRansomware: Black Basta,B,PDF,CISA/2024-05-10_AA24-131A_Black-Basta.pdf,,https://www.cisa.gov/sites/default/files/2024-07/aa24-131a-joint-csa-stopransomware-black-basta_2.pdf,f7bebe03952a0cf85cc9070e40f481c078020b5bffbff87f03b23cbbe6226541,phishing; vulnerability exploitation; lateral movement; exfiltration; ransomware,Windows/AD,PDF; 17 pages; readable
CISA-AA23-289A,CISA/FBI/MS-ISAC,2023-10-16,Threat Actors Exploit Atlassian Confluence CVE-2023-22515 for Initial Access,B,PDF,CISA/2023-10-16_AA23-289A_Confluence-CVE-2023-22515.pdf,,https://www.cisa.gov/sites/default/files/2023-10/aa23-289a-threat-actors-exploit-atlassian-confluence-cve-2023-22515-for-initial-access.pdf,3111c13e11a3c836822a221e1160f2189ab6aee536fb6040650d0586d11d4c2e,public-facing exploitation; unauthorized account; incident hunting,Linux/Enterprise,PDF; 6 pages; readable
CISA-AA23-319A,CISA/FBI/MS-ISAC,2023-11-15,#StopRansomware: Rhysida Ransomware,B,PDF,CISA/2023-11-15_AA23-319A_Rhysida.pdf,,https://www.cisa.gov/sites/default/files/2023-11/aa23-319a-stopransomware-rhysida-ransomware.pdf,f1a9fa32dc9631d98a8da43abf8b4c560b86bc955fb36ede66b114e73cfeb1eb,credential access; process injection; registry modification; ransomware,Windows/AD,PDF; 16 pages; readable
CISA-AA25-050A,CISA/FBI/MS-ISAC,2025-02-19,#StopRansomware: Ghost (Cring) Ransomware,B,PDF,CISA/2025-02-19_AA25-050A_Ghost-Cring.pdf,,https://www.cisa.gov/sites/default/files/2025-02/aa25-050a-stopransomware-ghost-cring-ransomware.pdf,0f85ca1b8973462ef4b4262ae88076da3d9cff125cbfb541934be08e20229ea6,known-vulnerability exploitation; PowerShell; credential dumping; exfiltration,Windows/Enterprise,PDF; 13 pages; readable
CISA-AA25-071A,CISA/FBI/MS-ISAC,2025-03-12,#StopRansomware: Medusa Ransomware,B,PDF,CISA/2025-03-12_AA25-071A_Medusa.pdf,,https://www.cisa.gov/sites/default/files/2025-03/aa25-071a-stopransomware-medusa-ransomware.pdf,7f206e7af11c4a9b45c1e856547d754113022e3d6a48f17389debf7d6d728fa1,phishing; remote services; discovery; defense evasion; ransomware,Windows/AD,PDF; 15 pages; readable
CISA-AA23-165A,CISA/FBI/MS-ISAC et al.,2023-06-14,Understanding Ransomware Threat Actors: LockBit,B,PDF,CISA/2023-06-14_AA23-165A_LockBit.pdf,,https://www.cisa.gov/sites/default/files/2023-06/aa23-165a_understanding_TA_LockBit_0.pdf,ee5f1bd8d8ab0bedac1b11b69dc482ec7073f280d4f0c644334c015a463cf29c,ransomware affiliate TTPs; tools; exfiltration; impact,Windows/Enterprise,PDF; 30 pages; readable
CISA-AA24-242A,CISA/FBI/MS-ISAC/HHS,2024-08-29,#StopRansomware: RansomHub Ransomware,B,PDF,CISA/2024-08-29_AA24-242A_RansomHub.pdf,,https://www.cisa.gov/sites/default/files/2024-09/aa24-242a-stopransomware-ransomhub-ransomware_1.pdf,cdb6a5c6a39f0f527b10a79fb7fcfa6fab114e1dc8f48f4180cfaa5ba32d3644,password spraying; remote tools; lateral movement; exfiltration; ransomware,Windows/Linux/ESXi,PDF; 24 pages; readable
CISA-AA24-249A,CISA/FBI/NSA et al.,2024-09-05,Russian Military Cyber Actors Target U.S. and Global Critical Infrastructure,B,PDF,CISA/2024-09-05_AA24-249A_GRU-Unit-29155-Critical-Infrastructure.pdf,,https://www.cisa.gov/sites/default/files/2024-09/aa24-249a-russian-military-cyber-actors-target-us-and-global-critical-infrastructure.pdf,e5146e766c9264d6d2e651ce62f36243aa4b129021b05641de6c9c74515bdd66,public-facing exploitation; credential access; destructive malware,Windows/Enterprise,PDF; 36 pages; readable
CISA-AA24-038A,CISA/NSA/FBI et al.,2024-02-07,PRC State-Sponsored Actors Compromise and Maintain Persistent Access to U.S. Critical Infrastructure,A,PDF,CISA/2024-02-07_AA24-038A_Volt-Typhoon-Critical-Infrastructure.pdf,,https://www.cisa.gov/sites/default/files/2024-02/aa24-038a-jcsa-prc-state-sponsored-actors-compromise-us-critical-infrastructure_1.pdf,cc52cb97e7623e4cec977858b36ac64014e2321c6fe6a56506249fca59ce7b61,living off the land; credential access; persistence; command history,Windows/Enterprise,PDF; 45 pages; readable
DFIR-2020-04-04-94442883,The DFIR Report,2020-04-04,GoGoogle Ransomware - The DFIR Report,A,HTML,The_DFIR_Report/2020-04-04_gogoogle-ransomware.html,The_DFIR_Report/2020-04-04_gogoogle-ransomware.md,https://thedfirreport.com/2020/04/04/gogoogle-ransomware/,12c3bb14b4336f69774b10cbd96d4a301d23bc1915df913b3f2b8d4e4b1a8d11,impact or ransomware,Windows/AD,HTTP 200; Markdown extracted; 821 words
DFIR-2020-04-14-c4b1c9e0,The DFIR Report,2020-04-14,Dharma Ransomware - The DFIR Report,B,HTML,The_DFIR_Report/2020-04-14_dharma-ransomware.html,The_DFIR_Report/2020-04-14_dharma-ransomware.md,https://thedfirreport.com/2020/04/14/dharma-ransomware/,0ec7e1506fd15f9eab2d07bff0c128dc1b392deaa811dcd2fc2a462c8d9f7975,impact or ransomware,Windows/AD,HTTP 200; Markdown extracted; 402 words; SHORT_TEXT_REVIEW
DFIR-2020-04-20-badd52fa,The DFIR Report,2020-04-20,"Sqlserver, or the Miner in the Basement - The DFIR Report",A,HTML,The_DFIR_Report/2020-04-20_sqlserver-or-the-miner-in-the-basement.html,The_DFIR_Report/2020-04-20_sqlserver-or-the-miner-in-the-basement.md,https://thedfirreport.com/2020/04/20/sqlserver-or-the-miner-in-the-basement/,c6fc87e5a92b8cd02d5ae3b1d123ae77cd830bfea38045a2a7f3c07cb2808002,multi-stage intrusion investigation,Windows/AD,HTTP 200; Markdown extracted; 862 words
DFIR-2020-04-24-8b4e13f1,The DFIR Report,2020-04-24,Ursnif via LOLbins - The DFIR Report,B,HTML,The_DFIR_Report/2020-04-24_ursnif-via-lolbins.html,The_DFIR_Report/2020-04-24_ursnif-via-lolbins.md,https://thedfirreport.com/2020/04/24/ursnif-via-lolbins/,7e87881f3dbc4b9eaa2d8fd6489ce0d2d10f132be3d711ae902be2a6aea0ec5e,multi-stage intrusion investigation,Windows/AD,HTTP 200; Markdown extracted; 706 words; SHORT_TEXT_REVIEW
DFIR-2020-04-30-52b6b755,The DFIR Report,2020-04-30,Tricky Pyxie - The DFIR Report,A,HTML,The_DFIR_Report/2020-04-30_tricky-pyxie.html,The_DFIR_Report/2020-04-30_tricky-pyxie.md,https://thedfirreport.com/2020/04/30/tricky-pyxie/,25782e06a7973efc87fa3c228e64b40f3338341d2fbd607f9680c02f2feb15b2,multi-stage intrusion investigation,Windows/AD,HTTP 200; Markdown extracted; 932 words
DFIR-2020-05-08-64e9b606,The DFIR Report,2020-05-08,AdFind Recon - The DFIR Report,B,HTML,The_DFIR_Report/2020-05-08_adfind-recon.html,The_DFIR_Report/2020-05-08_adfind-recon.md,https://thedfirreport.com/2020/05/08/adfind-recon/,2ece284d543b0f47f7bcb731b9dab9100d9aa613787f1e09eb64c83e76a367df,multi-stage intrusion investigation,Windows/AD,HTTP 200; Markdown extracted; 477 words; SHORT_TEXT_REVIEW
DFIR-2020-06-10-6db139cd,The DFIR Report,2020-06-10,"Lockbit Ransomware, Why You No Spread? - The DFIR Report",B,HTML,The_DFIR_Report/2020-06-10_lockbit-ransomware-why-you-no-spread.html,The_DFIR_Report/2020-06-10_lockbit-ransomware-why-you-no-spread.md,https://thedfirreport.com/2020/06/10/lockbit-ransomware-why-you-no-spread/,9b0c51781438d0b560ae9557f4a8b7c4e98da9248d4244f5a13eef5409094f6f,impact or ransomware,Windows/AD,HTTP 200; Markdown extracted; 428 words; SHORT_TEXT_REVIEW
DFIR-2020-06-16-e0e1a3f1,The DFIR Report,2020-06-16,The Little Ransomware That Couldn’t (Dharma) - The DFIR Report,A,HTML,The_DFIR_Report/2020-06-16_the-little-ransomware-that-couldnt-dharma.html,The_DFIR_Report/2020-06-16_the-little-ransomware-that-couldnt-dharma.md,https://thedfirreport.com/2020/06/16/the-little-ransomware-that-couldnt-dharma/,d2a4f601715e322cbc9529c507303e2072c64d24ffbc2e3e53be1c5b4525751c,impact or ransomware,Windows/AD,HTTP 200; Markdown extracted; 1385 words
DFIR-2020-06-21-88785498,The DFIR Report,2020-06-21,Snatch Ransomware - The DFIR Report,A,HTML,The_DFIR_Report/2020-06-21_snatch-ransomware.html,The_DFIR_Report/2020-06-21_snatch-ransomware.md,https://thedfirreport.com/2020/06/21/snatch-ransomware/,3a33b2125ed7d9ba50273d4676d3bd79424bcb1df10233180f02c91334990f5d,impact or ransomware,Windows/AD,HTTP 200; Markdown extracted; 2154 words
DFIR-2020-07-13-35dd4f8b,The DFIR Report,2020-07-13,Ransomware Again...But We Changed the RDP Port!?!?! - The DFIR Report,B,HTML,The_DFIR_Report/2020-07-13_ransomware-again-but-we-changed-the-rdp-port.html,The_DFIR_Report/2020-07-13_ransomware-again-but-we-changed-the-rdp-port.md,https://thedfirreport.com/2020/07/13/ransomware-again-but-we-changed-the-rdp-port/,b599e5fa39b0f5da152c7df4e4be7392f0edfdefcc78eee0e85899307567f95a,remote services or credential attack; impact or ransomware,Windows/AD,HTTP 200; Markdown extracted; 367 words; SHORT_TEXT_REVIEW
DFIR-2020-08-03-9273365b,The DFIR Report,2020-08-03,Dridex - From Word to Domain Dominance - The DFIR Report,A,HTML,The_DFIR_Report/2020-08-03_dridex-from-word-to-domain-dominance.html,The_DFIR_Report/2020-08-03_dridex-from-word-to-domain-dominance.md,https://thedfirreport.com/2020/08/03/dridex-from-word-to-domain-dominance/,892d38375d41486a11117a986a0b174c84e452a109a6cb299b529b43e8e859a8,Active Directory or privilege escalation,Windows/AD,HTTP 200; Markdown extracted; 2594 words; WordPress REST recovery cached as 2020-08-03_dridex-from-word-to-domain-dominance.rest.json
DFIR-2020-08-31-1405ca74,The DFIR Report,2020-08-31,NetWalker Ransomware in 1 Hour - The DFIR Report,A,HTML,The_DFIR_Report/2020-08-31_netwalker-ransomware-in-1-hour.html,The_DFIR_Report/2020-08-31_netwalker-ransomware-in-1-hour.md,https://thedfirreport.com/2020/08/31/netwalker-ransomware-in-1-hour/,9e64133b6c4a8679bd300925528e0cb4e56ff2a813534b58b9cef80c8f483740,impact or ransomware,Windows/AD,HTTP 200; Markdown extracted; 1052 words
DFIR-2020-10-08-199d358d,The DFIR Report,2020-10-08,Ryuk's Return - The DFIR Report,A,HTML,The_DFIR_Report/2020-10-08_ryuks-return.html,The_DFIR_Report/2020-10-08_ryuks-return.md,https://thedfirreport.com/2020/10/08/ryuks-return/,df6493aa6185a17b5b57e21527495d31889844b8c460d260300eb0fccddb5993,multi-stage intrusion investigation,Windows/AD,HTTP 200; Markdown extracted; 2503 words
DFIR-2020-10-18-93a6de81,The DFIR Report,2020-10-18,Ryuk in 5 Hours - The DFIR Report,A,HTML,The_DFIR_Report/2020-10-18_ryuk-in-5-hours.html,The_DFIR_Report/2020-10-18_ryuk-in-5-hours.md,https://thedfirreport.com/2020/10/18/ryuk-in-5-hours/,3b8b429f63c6e4894fe724b2a0e170685066ea0c442ad35dee8998863ba843b9,multi-stage intrusion investigation,Windows/AD,HTTP 200; Markdown extracted; 2602 words
DFIR-2020-11-05-77697b15,The DFIR Report,2020-11-05,"Ryuk Speed Run, 2 Hours to Ransom - The DFIR Report",A,HTML,The_DFIR_Report/2020-11-05_ryuk-speed-run-2-hours-to-ransom.html,The_DFIR_Report/2020-11-05_ryuk-speed-run-2-hours-to-ransom.md,https://thedfirreport.com/2020/11/05/ryuk-speed-run-2-hours-to-ransom/,b1e5cdecdaf65107e824137d586895e1b6cbdb7ecbdfc23a3ff42843eb12c50b,impact or ransomware,Windows/AD,HTTP 200; Markdown extracted; 2664 words
DFIR-2020-11-12-0e826fa3,The DFIR Report,2020-11-12,Cryptominers Exploiting WebLogic RCE CVE-2020-14882 - The DFIR Report,A,HTML,The_DFIR_Report/2020-11-12_cryptominers-exploiting-weblogic-rce-cve-2020-14882.html,The_DFIR_Report/2020-11-12_cryptominers-exploiting-weblogic-rce-cve-2020-14882.md,https://thedfirreport.com/2020/11/12/cryptominers-exploiting-weblogic-rce-cve-2020-14882/,3497763b573e71ffd395fbd67a2bc9afc8c4db3a1110230a48144d4752536d3b,public-facing exploitation,Windows/AD,HTTP 200; Markdown extracted; 1077 words
DFIR-2020-11-23-13d86f4f,The DFIR Report,2020-11-23,PYSA/Mespinoza Ransomware,A,HTML,The_DFIR_Report/2020-11-23_pysa-mespinoza-ransomware.html,The_DFIR_Report/2020-11-23_pysa-mespinoza-ransomware.md,https://thedfirreport.com/2020/11/23/pysa-mespinoza-ransomware/,076c3939ad916573d484e47925eaa78ab571769867ae84f05dd147a362e46503,impact or ransomware,Windows/AD,HTTP 200; Markdown extracted; 2218 words
DFIR-2020-12-13-e9a36d49,The DFIR Report,2020-12-13,Defender Control,B,HTML,The_DFIR_Report/2020-12-13_defender-control.html,The_DFIR_Report/2020-12-13_defender-control.md,https://thedfirreport.com/2020/12/13/defender-control/,6f419f41f010ee4ee8fab4229f5d5bf424f26707701b2cc253ea8eebbe17f7be,multi-stage intrusion investigation,Windows/AD,HTTP 200; Markdown extracted; 779 words; SHORT_TEXT_REVIEW
DFIR-2021-01-11-2fbf3cd4,The DFIR Report,2021-01-11,Trickbot Still Alive and Well,A,HTML,The_DFIR_Report/2021-01-11_trickbot-still-alive-and-well.html,The_DFIR_Report/2021-01-11_trickbot-still-alive-and-well.md,https://thedfirreport.com/2021/01/11/trickbot-still-alive-and-well/,103725db1bf4844ee51a991927c0fe056baec4febff757ad75a7199cc1ada756,multi-stage intrusion investigation,Windows/AD,HTTP 200; Markdown extracted; 1960 words
DFIR-2021-01-18-8404b22d,The DFIR Report,2021-01-18,All That for a Coinminer? - The DFIR Report,A,HTML,The_DFIR_Report/2021-01-18_all-that-for-a-coinminer.html,The_DFIR_Report/2021-01-18_all-that-for-a-coinminer.md,https://thedfirreport.com/2021/01/18/all-that-for-a-coinminer/,012ff639d1afa3caca101aeb0b57856ab66168cc80e2de217fba18ada229a6eb,multi-stage intrusion investigation,Windows/AD,HTTP 200; Markdown extracted; 1717 words
DFIR-2021-01-31-d440f00f,The DFIR Report,2021-01-31,"Bazar, No Ryuk?",A,HTML,The_DFIR_Report/2021-01-31_bazar-no-ryuk.html,The_DFIR_Report/2021-01-31_bazar-no-ryuk.md,https://thedfirreport.com/2021/01/31/bazar-no-ryuk/,b511953f4bcfe8ccf251ec845e8222dcc50a92b4f1c2b19cdf112e6314570f98,phishing or user execution,Windows/AD,HTTP 200; Markdown extracted; 2096 words
DFIR-2021-02-28-cb26d4ca,The DFIR Report,2021-02-28,Laravel Apps Leaking Secrets - The DFIR Report,B,HTML,The_DFIR_Report/2021-02-28_laravel-debug-leaking-secrets.html,The_DFIR_Report/2021-02-28_laravel-debug-leaking-secrets.md,https://thedfirreport.com/2021/02/28/laravel-debug-leaking-secrets/,aec74765ee6873923f9a58ca36a499cc6ec29cb032022de42f4d2999c8d4c8cf,multi-stage intrusion investigation,Windows/AD,HTTP 200; Markdown extracted; 714 words; SHORT_TEXT_REVIEW
DFIR-2021-03-08-641d966b,The DFIR Report,2021-03-08,Bazar Drops the Anchor,A,HTML,The_DFIR_Report/2021-03-08_bazar-drops-the-anchor.html,The_DFIR_Report/2021-03-08_bazar-drops-the-anchor.md,https://thedfirreport.com/2021/03/08/bazar-drops-the-anchor/,a588784e5beb60cfc4ac537cf8ec1e946981eac1725b394cf237e56b5c77544f,phishing or user execution,Windows/AD,HTTP 200; Markdown extracted; 3169 words
DFIR-2021-03-29-c191d02f,The DFIR Report,2021-03-29,Sodinokibi (aka REvil) Ransomware,A,HTML,The_DFIR_Report/2021-03-29_sodinokibi-aka-revil-ransomware.html,The_DFIR_Report/2021-03-29_sodinokibi-aka-revil-ransomware.md,https://thedfirreport.com/2021/03/29/sodinokibi-aka-revil-ransomware/,c3d19de61e73d9394823b7a8421ede3ad208bab50196705ff0f6319be9415af5,impact or ransomware,Windows/AD,HTTP 200; Markdown extracted; 3605 words
DFIR-2021-05-02-cd84d0f8,The DFIR Report,2021-05-02,Trickbot Brief: Creds and Beacons,A,HTML,The_DFIR_Report/2021-05-02_trickbot-brief-creds-and-beacons.html,The_DFIR_Report/2021-05-02_trickbot-brief-creds-and-beacons.md,https://thedfirreport.com/2021/05/02/trickbot-brief-creds-and-beacons/,537ba212546f931e7979b3a6081b09234b3f93c6c4ba0c373848955e4feef523,multi-stage intrusion investigation,Windows/AD,HTTP 200; Markdown extracted; 1249 words
DFIR-2021-05-12-2ddbe01a,The DFIR Report,2021-05-12,Conti Ransomware,A,HTML,The_DFIR_Report/2021-05-12_conti-ransomware.html,The_DFIR_Report/2021-05-12_conti-ransomware.md,https://thedfirreport.com/2021/05/12/conti-ransomware/,c7e66562b58397e63704a4d92c235c25ccc801b7a96afd483675068288e006d2,impact or ransomware,Windows/AD,HTTP 200; Markdown extracted; 3417 words
DFIR-2021-06-03-9fcc4456,The DFIR Report,2021-06-03,WebLogic RCE Leads to XMRig,A,HTML,The_DFIR_Report/2021-06-03_weblogic-rce-leads-to-xmrig.html,The_DFIR_Report/2021-06-03_weblogic-rce-leads-to-xmrig.md,https://thedfirreport.com/2021/06/03/weblogic-rce-leads-to-xmrig/,0cbdda430f278a551ad7c98f9c47c45ef69736fd3333e5fe6b906c62ce1c1de3,multi-stage intrusion investigation,Windows/AD,HTTP 200; Markdown extracted; 1423 words
DFIR-2021-06-20-a42aaa06,The DFIR Report,2021-06-20,From Word to Lateral Movement in 1 Hour,A,HTML,The_DFIR_Report/2021-06-20_from-word-to-lateral-movement-in-1-hour.html,The_DFIR_Report/2021-06-20_from-word-to-lateral-movement-in-1-hour.md,https://thedfirreport.com/2021/06/20/from-word-to-lateral-movement-in-1-hour/,24f95b0ec5c3e540bd5d78c98c452ea4290218b521eda80d55374180677c7863,multi-stage intrusion investigation,Windows/AD,HTTP 200; Markdown extracted; 2617 words
DFIR-2021-06-28-17881de9,The DFIR Report,2021-06-28,Hancitor Continues to Push Cobalt Strike,A,HTML,The_DFIR_Report/2021-06-28_hancitor-continues-to-push-cobalt-strike.html,The_DFIR_Report/2021-06-28_hancitor-continues-to-push-cobalt-strike.md,https://thedfirreport.com/2021/06/28/hancitor-continues-to-push-cobalt-strike/,2512df91f2a1f69ebf7c70a456187b740a616df4c65926e34d1bf5d6bec30727,multi-stage intrusion investigation,Windows/AD,HTTP 200; Markdown extracted; 1996 words
DFIR-2021-07-19-fcdd4af4,The DFIR Report,2021-07-19,IcedID and Cobalt Strike vs Antivirus,A,HTML,The_DFIR_Report/2021-07-19_icedid-and-cobalt-strike-vs-antivirus.html,The_DFIR_Report/2021-07-19_icedid-and-cobalt-strike-vs-antivirus.md,https://thedfirreport.com/2021/07/19/icedid-and-cobalt-strike-vs-antivirus/,c5675da66f48246497333555ff65f3bbaffa8a4474bdfd1cbd56457750d8494a,phishing or user execution,Windows/AD,HTTP 200; Markdown extracted; 3031 words
DFIR-2021-08-01,The DFIR Report,2021-08-01,BazarCall to Conti Ransomware via Trickbot and Cobalt Strike,A,HTML,The_DFIR_Report/2021-08-01_BazarCall-to-Conti.html,The_DFIR_Report/2021-08-01_BazarCall-to-Conti.md,https://thedfirreport.com/2021/08/01/bazarcall-to-conti-ransomware-via-trickbot-and-cobalt-strike/,74fb4df6d8aadd776fab9bb199774fdb51256bb1880087351e630c3182d8457e,Office lure; TrickBot; Cobalt Strike; lateral movement; Conti,Windows/AD,HTTP 200; Markdown extracted; 3967 words
DFIR-2021-08-16-646341c1,The DFIR Report,2021-08-16,Trickbot Leads Up to Fake 1Password Installation,A,HTML,The_DFIR_Report/2021-08-16_trickbot-leads-up-to-fake-1password-installation.html,The_DFIR_Report/2021-08-16_trickbot-leads-up-to-fake-1password-installation.md,https://thedfirreport.com/2021/08/16/trickbot-leads-up-to-fake-1password-installation/,fbc7d3ebb7fe99f030a44e84cc47b6432071a87b91e1513f65ec2e965a81797a,multi-stage intrusion investigation,Windows/AD,HTTP 200; Markdown extracted; 3720 words
DFIR-2021-08-29-2d937a71,The DFIR Report,2021-08-29,"Cobalt Strike, a Defender's Guide",B,HTML,The_DFIR_Report/2021-08-29_cobalt-strike-a-defenders-guide.html,The_DFIR_Report/2021-08-29_cobalt-strike-a-defenders-guide.md,https://thedfirreport.com/2021/08/29/cobalt-strike-a-defenders-guide/,e190e0de0d52ee3a58869ad8cdef8bf61d41952f4ee676079f28a19d93192265,multi-stage intrusion investigation,Windows/AD,HTTP 200; Markdown extracted; 5112 words
DFIR-2021-09-13-ddfce7cc,The DFIR Report,2021-09-13,BazarLoader to Conti Ransomware in 32 Hours,A,HTML,The_DFIR_Report/2021-09-13_bazarloader-to-conti-ransomware-in-32-hours.html,The_DFIR_Report/2021-09-13_bazarloader-to-conti-ransomware-in-32-hours.md,https://thedfirreport.com/2021/09/13/bazarloader-to-conti-ransomware-in-32-hours/,b30e46e2697a249f2fe2b3ca9a5a5ff445b061ad4ef6894a284da4e2fbeac9a3,phishing or user execution; impact or ransomware,Windows/AD,HTTP 200; Markdown extracted; 3582 words
DFIR-2021-10-04-c421eab0,The DFIR Report,2021-10-04,BazarLoader and the Conti Leaks,A,HTML,The_DFIR_Report/2021-10-04_bazarloader-and-the-conti-leaks.html,The_DFIR_Report/2021-10-04_bazarloader-and-the-conti-leaks.md,https://thedfirreport.com/2021/10/04/bazarloader-and-the-conti-leaks/,a160f496d24fca821e57a64ed8c261eecc2ec9c059f103381b829c101a090f18,phishing or user execution,Windows/AD,HTTP 200; Markdown extracted; 5284 words
DFIR-2021-10-18-35497b29,The DFIR Report,2021-10-18,IcedID to XingLocker Ransomware in 24 hours,A,HTML,The_DFIR_Report/2021-10-18_icedid-to-xinglocker-ransomware-in-24-hours.html,The_DFIR_Report/2021-10-18_icedid-to-xinglocker-ransomware-in-24-hours.md,https://thedfirreport.com/2021/10/18/icedid-to-xinglocker-ransomware-in-24-hours/,70f7da101812946decd002c63cedca4941499703da79194ef7281d55ecb0f31b,phishing or user execution; impact or ransomware,Windows/AD,HTTP 200; Markdown extracted; 6269 words
DFIR-2021-11-01-48ca1916,The DFIR Report,2021-11-01,From Zero to Domain Admin,A,HTML,The_DFIR_Report/2021-11-01_from-zero-to-domain-admin.html,The_DFIR_Report/2021-11-01_from-zero-to-domain-admin.md,https://thedfirreport.com/2021/11/01/from-zero-to-domain-admin/,79997f5fbe80451a53244bdd100c15338d63a279500518f1b9826ae00e6f6cca,Active Directory or privilege escalation,Windows/AD,HTTP 200; Markdown extracted; 4262 words
DFIR-2021-11-15,The DFIR Report,2021-11-15,Exchange Exploit Leads to Domain Wide Ransomware,A,HTML,The_DFIR_Report/2021-11-15_Exchange-Exploit-to-Domain-Ransomware.html,The_DFIR_Report/2021-11-15_Exchange-Exploit-to-Domain-Ransomware.md,https://thedfirreport.com/2021/11/15/exchange-exploit-leads-to-domain-wide-ransomware/,599790a3080abd13e62a43975aa66cb3b10eec6e60053b36a6da645f325afdd4,Exchange exploit; webshell; LSASS; proxy; disk encryption,Windows/AD,HTTP 200; Markdown extracted; 4810 words
DFIR-2021-11-29-20e24c9b,The DFIR Report,2021-11-29,CONTInuing the Bazar Ransomware Story,A,HTML,The_DFIR_Report/2021-11-29_continuing-the-bazar-ransomware-story.html,The_DFIR_Report/2021-11-29_continuing-the-bazar-ransomware-story.md,https://thedfirreport.com/2021/11/29/continuing-the-bazar-ransomware-story/,842057798a88a76edd5e353d24a02849bdd30b00e0aaa01c47cd04f04a5c5e20,phishing or user execution; impact or ransomware,Windows/AD,HTTP 200; Markdown extracted; 5017 words
DFIR-2021-12-13-4d362207,The DFIR Report,2021-12-13,Diavol Ransomware,A,HTML,The_DFIR_Report/2021-12-13_diavol-ransomware.html,The_DFIR_Report/2021-12-13_diavol-ransomware.md,https://thedfirreport.com/2021/12/13/diavol-ransomware/,a1efd36b54055a70d1ed3a3f79ed1e566a4e65dc9c1211f160739727ca97d985,impact or ransomware,Windows/AD,HTTP 200; Markdown extracted; 4410 words
DFIR-2022-01-24-0b037053,The DFIR Report,2022-01-24,"Cobalt Strike, a Defender’s Guide - Part 2",B,HTML,The_DFIR_Report/2022-01-24_cobalt-strike-a-defenders-guide-part-2.html,The_DFIR_Report/2022-01-24_cobalt-strike-a-defenders-guide-part-2.md,https://thedfirreport.com/2022/01/24/cobalt-strike-a-defenders-guide-part-2/,47c002e66f3eb38d0151d890b84cb67147650320300656bade4da89e68ca13bf,multi-stage intrusion investigation,Windows/AD,HTTP 200; Markdown extracted; 4435 words
DFIR-2022-02-07-81e784ce,The DFIR Report,2022-02-07,"Qbot Likes to Move It, Move It",A,HTML,The_DFIR_Report/2022-02-07_qbot-likes-to-move-it-move-it.html,The_DFIR_Report/2022-02-07_qbot-likes-to-move-it-move-it.md,https://thedfirreport.com/2022/02/07/qbot-likes-to-move-it-move-it/,ddf870a6e0857a88a1299f437fdb9413ae88dd2b3434994ad75b5a8a9ad9e95d,multi-stage intrusion investigation,Windows/AD,HTTP 200; Markdown extracted; 2941 words
DFIR-2022-02-21-ologon-Domain-Compromise,The DFIR Report,2022-02-21,Qbot and Zerologon Lead To Full Domain Compromise,A,HTML,The_DFIR_Report/2022-02-21_Qbot-Zerologon-Domain-Compromise.html,The_DFIR_Report/2022-02-21_Qbot-Zerologon-Domain-Compromise.md,https://thedfirreport.com/2022/02/21/qbot-and-zerologon-lead-to-full-domain-compromise/,fe63527727902f93f82b571e815c29c7d4dcc23be2c03c0d22a8b5a4467cfc4a,Active Directory or privilege escalation,Windows/AD,HTTP 200; Markdown extracted; 3493 words
DFIR-2022-03-07-b3f8704e,The DFIR Report,2022-03-07,2021 Year In Review,B,HTML,The_DFIR_Report/2022-03-07_2021-year-in-review.html,The_DFIR_Report/2022-03-07_2021-year-in-review.md,https://thedfirreport.com/2022/03/07/2021-year-in-review/,65fa68e78097ad475a7789edec42d6697c1b8892589537e91d3d00fe9017c2d3,multi-stage intrusion investigation,Windows/AD,HTTP 200; Markdown extracted; 3365 words
DFIR-2022-03-21-21_PHOSPHORUS-ProxyShell,The DFIR Report,2022-03-21,PHOSPHORUS Automates Initial Access Using ProxyShell,A,HTML,The_DFIR_Report/2022-03-21_PHOSPHORUS-ProxyShell.html,The_DFIR_Report/2022-03-21_PHOSPHORUS-ProxyShell.md,https://thedfirreport.com/2022/03/21/phosphorus-automates-initial-access-using-proxyshell/,e5b49126ebd50bce614c1ce19e2aa03bf2b07a270e2b81cf09ae2550db767f65,public-facing exploitation,Windows/AD,HTTP 200; Markdown extracted; 3234 words
DFIR-2022-04-04-616def11,The DFIR Report,2022-04-04,Stolen Images Campaign Ends in Conti Ransomware,A,HTML,The_DFIR_Report/2022-04-04_stolen-images-campaign-ends-in-conti-ransomware.html,The_DFIR_Report/2022-04-04_stolen-images-campaign-ends-in-conti-ransomware.md,https://thedfirreport.com/2022/04/04/stolen-images-campaign-ends-in-conti-ransomware/,f01f38bd3917a5770812be24487c4bfc6eb9b33e34d14673e978ffb9b5b99de2,impact or ransomware,Windows/AD,HTTP 200; Markdown extracted; 3879 words
DFIR-2022-04-25-e0029e77,The DFIR Report,2022-04-25,Quantum Ransomware,A,HTML,The_DFIR_Report/2022-04-25_quantum-ransomware.html,The_DFIR_Report/2022-04-25_quantum-ransomware.md,https://thedfirreport.com/2022/04/25/quantum-ransomware/,968492113b7786e061316c947f172e25a6c7a00c866f88d4091ec022f62d5984,impact or ransomware,Windows/AD,HTTP 200; Markdown extracted; 3636 words
DFIR-2022-05-09-c4920937,The DFIR Report,2022-05-09,SEO Poisoning - A Gootloader Story,A,HTML,The_DFIR_Report/2022-05-09_seo-poisoning-a-gootloader-story.html,The_DFIR_Report/2022-05-09_seo-poisoning-a-gootloader-story.md,https://thedfirreport.com/2022/05/09/seo-poisoning-a-gootloader-story/,98150a9161e6ddb2b071b4c45505bc04afc1c3cd514617422290ac61ba3aed60,phishing or user execution,Windows/AD,HTTP 200; Markdown extracted; 2998 words
DFIR-2022-06-06--Exploit-to-Exfiltration,The DFIR Report,2022-06-06,Will the Real Msiexec Please Stand Up? Exploit Leads to Data Exfiltration,A,HTML,The_DFIR_Report/2022-06-06_Msiexec-Exploit-to-Exfiltration.html,The_DFIR_Report/2022-06-06_Msiexec-Exploit-to-Exfiltration.md,https://thedfirreport.com/2022/06/06/will-the-real-msiexec-please-stand-up-exploit-leads-to-data-exfiltration/,acc459df8c8f2d100af2b5ad37eaf2f70b715f2ab24cc177afb209b2cea77d0c,public-facing exploitation; collection or exfiltration,Windows/AD,HTTP 200; Markdown extracted; 3015 words
DFIR-2022-06-16-af830049,The DFIR Report,2022-06-16,"SANS Ransomware Summit 2022, Can You Detect This?",B,HTML,The_DFIR_Report/2022-06-16_sans-ransomware-summit-2022-can-you-detect-this.html,The_DFIR_Report/2022-06-16_sans-ransomware-summit-2022-can-you-detect-this.md,https://thedfirreport.com/2022/06/16/sans-ransomware-summit-2022-can-you-detect-this/,23089398ead0a4a32c66bfd65352841e68a1938baa97a97c74eaf14cfe547ccb,impact or ransomware,Windows/AD,HTTP 200; Markdown extracted; 1723 words
DFIR-2022-07-11-0b9108b5,The DFIR Report,2022-07-11,SELECT XMRig FROM SQLServer,A,HTML,The_DFIR_Report/2022-07-11_select-xmrig-from-sqlserver.html,The_DFIR_Report/2022-07-11_select-xmrig-from-sqlserver.md,https://thedfirreport.com/2022/07/11/select-xmrig-from-sqlserver/,78d7b62360e28e3671385ca5f176b1876423ec0ceec531e745aaa58195433f08,multi-stage intrusion investigation,Windows/AD,HTTP 200; Markdown extracted; 3080 words
DFIR-2022-08-08-umbleBee-to-Domain-Admin,The DFIR Report,2022-08-08,BumbleBee Roasts Its Way to Domain Admin - The DFIR Report,A,HTML,The_DFIR_Report/2022-08-08_BumbleBee-to-Domain-Admin.html,The_DFIR_Report/2022-08-08_BumbleBee-to-Domain-Admin.md,https://thedfirreport.com/2022/08/08/bumblebee-roasts-its-way-to-domain-admin/,850af8817a2734e97902193fe42c6f7e1dcefefd7eae60697342c0d2fbe855c8,phishing or user execution; Active Directory or privilege escalation,Windows/AD,HTTP 200; Markdown extracted; 4694 words
DFIR-2022-09-12-b1e0190e,The DFIR Report,2022-09-12,Dead or Alive? An Emotet Story - The DFIR Report,A,HTML,The_DFIR_Report/2022-09-12_dead-or-alive-an-emotet-story.html,The_DFIR_Report/2022-09-12_dead-or-alive-an-emotet-story.md,https://thedfirreport.com/2022/09/12/dead-or-alive-an-emotet-story/,7e8e551e837cdd92b1261ceb19ef1b4b356bf70d69b2b16cc1a8c06f98b27c1d,phishing or user execution,Windows/AD,HTTP 200; Markdown extracted; 4583 words
DFIR-2022-09-26-57d23ebf,The DFIR Report,2022-09-26,BumbleBee: Round Two - The DFIR Report,A,HTML,The_DFIR_Report/2022-09-26_bumblebee-round-two.html,The_DFIR_Report/2022-09-26_bumblebee-round-two.md,https://thedfirreport.com/2022/09/26/bumblebee-round-two/,7e4447a40a2fd619dc9a33c7563aae41e61a41a127f7416e27cda4abdbd63b2b,phishing or user execution,Windows/AD,HTTP 200; Markdown extracted; 2908 words
DFIR-2022-10-31-ina-to-Domain-Compromise,The DFIR Report,2022-10-31,Follina Exploit Leads to Domain Compromise,A,HTML,The_DFIR_Report/2022-10-31_Follina-to-Domain-Compromise.html,The_DFIR_Report/2022-10-31_Follina-to-Domain-Compromise.md,https://thedfirreport.com/2022/10/31/follina-exploit-leads-to-domain-compromise/,26bde58ff12763d77afa3b241cb95655eef1827ce1e0a943559834550e70de62,public-facing exploitation; Active Directory or privilege escalation,Windows/AD,HTTP 200; Markdown extracted; 3198 words
DFIR-2022-11-14-468db3f3,The DFIR Report,2022-11-14,BumbleBee Zeros in on Meterpreter,A,HTML,The_DFIR_Report/2022-11-14_bumblebee-zeros-in-on-meterpreter.html,The_DFIR_Report/2022-11-14_bumblebee-zeros-in-on-meterpreter.md,https://thedfirreport.com/2022/11/14/bumblebee-zeros-in-on-meterpreter/,22d800abefc9478d4bbe2026e4db072ca225ccac9a07e98cf74374774119382d,phishing or user execution,Windows/AD,HTTP 200; Markdown extracted; 3648 words
DFIR-2022-11-28,The DFIR Report,2022-11-28,Emotet Strikes Again - LNK File Leads to Domain Wide Ransomware,A,HTML,The_DFIR_Report/2022-11-28_Emotet-LNK-to-Quantum-Ransomware.html,The_DFIR_Report/2022-11-28_Emotet-LNK-to-Quantum-Ransomware.md,https://thedfirreport.com/2022/11/28/emotet-strikes-again-lnk-file-leads-to-domain-wide-ransomware/,0f6ef95b51fdfec849648ba071886b15178195202b085a874b484e641f40a062,LNK; PowerShell; registry run key; RDP; Rclone; ransomware,Windows/AD,HTTP 200; Markdown extracted; 4273 words
DFIR-2023-01-09-22ad4bac,The DFIR Report,2023-01-09,Unwrapping Ursnifs Gifts - The DFIR Report,A,HTML,The_DFIR_Report/2023-01-09_unwrapping-ursnifs-gifts.html,The_DFIR_Report/2023-01-09_unwrapping-ursnifs-gifts.md,https://thedfirreport.com/2023/01/09/unwrapping-ursnifs-gifts/,9bb83a460583051e6bfa6e5a0362b588c4779e28e8e8fd750286ddc7963f1734,multi-stage intrusion investigation,Windows/AD,HTTP 200; Markdown extracted; 3533 words
DFIR-2023-01-23-67effc5f,The DFIR Report,2023-01-23,ShareFinder: How Threat Actors Discover File Shares - The DFIR Report,B,HTML,The_DFIR_Report/2023-01-23_sharefinder-how-threat-actors-discover-file-shares.html,The_DFIR_Report/2023-01-23_sharefinder-how-threat-actors-discover-file-shares.md,https://thedfirreport.com/2023/01/23/sharefinder-how-threat-actors-discover-file-shares/,7e78a3f8062836e4bae1fefc2f6eb20919b11253bf091b9eb5f325af3ecf3d48,multi-stage intrusion investigation,Windows/AD,HTTP 200; Markdown extracted; 2348 words
DFIR-2023-02-06--Exfiltrate-Sleep-Repeat,The DFIR Report,2023-02-06,"Collect, Exfiltrate, Sleep, Repeat - The DFIR Report",A,HTML,The_DFIR_Report/2023-02-06_Collect-Exfiltrate-Sleep-Repeat.html,The_DFIR_Report/2023-02-06_Collect-Exfiltrate-Sleep-Repeat.md,https://thedfirreport.com/2023/02/06/collect-exfiltrate-sleep-repeat/,e56e58bfe9a05d685bc3adca953cc823ce0657ce46e63ea4dd486abc8cfb129a,collection or exfiltration,Windows/AD,HTTP 200; Markdown extracted; 2513 words
DFIR-2023-03-06-220eaafa,The DFIR Report,2023-03-06,2022 Year in Review - The DFIR Report,B,HTML,The_DFIR_Report/2023-03-06_2022-year-in-review.html,The_DFIR_Report/2023-03-06_2022-year-in-review.md,https://thedfirreport.com/2023/03/06/2022-year-in-review/,79fa7b92526b377e1a250fc70379a221432cd9a428e9aa5fcff3f476898a9edd,multi-stage intrusion investigation,Windows/AD,HTTP 200; Markdown extracted; 5558 words
DFIR-2023-03-16-f95160db,The DFIR Report,2023-03-16,From a Single Click: How Lunar Spider Enabled a Near Two-Month IntrusionDefault Post - The DFIR Report,B,HTML,The_DFIR_Report/2023-03-16_default-post.html,The_DFIR_Report/2023-03-16_default-post.md,https://thedfirreport.com/2023/03/16/default-post/,a7066cfd7fd32158c1c39183d8ad7f08bd80dad8422b07b5abe58abbff5020ec,multi-stage intrusion investigation,Windows/AD,HTTP 200; Markdown extracted; 186 words; SHORT_TEXT_REVIEW
DFIR-2023-04-03-icious-ISO-to-Ransomware,The DFIR Report,2023-04-03,Malicious ISO File Leads to Domain Wide Ransomware - The DFIR Report,A,HTML,The_DFIR_Report/2023-04-03_Malicious-ISO-to-Ransomware.html,The_DFIR_Report/2023-04-03_Malicious-ISO-to-Ransomware.md,https://thedfirreport.com/2023/04/03/malicious-iso-file-leads-to-domain-wide-ransomware/,4b56bee6045713bcd1779753c9e181c826b8035e2cec738bd23c772231c89094,phishing or user execution; Active Directory or privilege escalation; impact or ransomware,Windows/AD,HTTP 200; Markdown extracted; 6591 words
DFIR-2023-05-22-05-22_IcedID-to-Nokoyawa,The DFIR Report,2023-05-22,IcedID Macro Ends in Nokoyawa Ransomware - The DFIR Report,A,HTML,The_DFIR_Report/2023-05-22_IcedID-to-Nokoyawa.html,The_DFIR_Report/2023-05-22_IcedID-to-Nokoyawa.md,https://thedfirreport.com/2023/05/22/icedid-macro-ends-in-nokoyawa-ransomware/,c57581190fa7b6d5a0ecb880fc93ecb51b9b0db9a43ea4070b78c51b0639fa39,phishing or user execution; impact or ransomware,Windows/AD,HTTP 200; Markdown extracted; 5468 words
DFIR-2023-06-12--06-12_Graceful-Wipe-Out,The DFIR Report,2023-06-12,A Truly Graceful Wipe Out - The DFIR Report,A,HTML,The_DFIR_Report/2023-06-12_Graceful-Wipe-Out.html,The_DFIR_Report/2023-06-12_Graceful-Wipe-Out.md,https://thedfirreport.com/2023/06/12/a-truly-graceful-wipe-out/,a858f2217c670d0941df57d9d30041c6825f98c59b75d1417ec521168cf74a86,impact or ransomware,Windows/AD,HTTP 200; Markdown extracted; 6157 words
DFIR-2023-08-28--Smuggling-to-Ransomware,The DFIR Report,2023-08-28,HTML Smuggling Leads to Domain Wide Ransomware - The DFIR Report,A,HTML,The_DFIR_Report/2023-08-28_HTML-Smuggling-to-Ransomware.html,The_DFIR_Report/2023-08-28_HTML-Smuggling-to-Ransomware.md,https://thedfirreport.com/2023/08/28/html-smuggling-leads-to-domain-wide-ransomware/,6deee937a038ad741ca164dbe6268a5d91d04b83deecc94d706e54b50f81945c,phishing or user execution; Active Directory or privilege escalation; impact or ransomware,Windows/AD,HTTP 200; Markdown extracted; 4031 words
DFIR-2023-09-25,The DFIR Report,2023-09-25,From ScreenConnect to Hive Ransomware in 61 Hours,A,HTML,The_DFIR_Report/2023-09-25_ScreenConnect-to-Hive.html,The_DFIR_Report/2023-09-25_ScreenConnect-to-Hive.md,https://thedfirreport.com/2023/09/25/from-screenconnect-to-hive-ransomware-in-61-hours/,28762384636a5576293255416008bc884d02396028f17130194cdd8a22a4fafa,RMM; discovery; BITS; Cobalt Strike; failed actions; ransomware,Windows/AD,HTTP 200; Markdown extracted; 5990 words
DFIR-2023-10-30-ort-to-Domain-Compromise,The DFIR Report,2023-10-30,NetSupport Intrusion Results in Domain Compromise - The DFIR Report,A,HTML,The_DFIR_Report/2023-10-30_NetSupport-to-Domain-Compromise.html,The_DFIR_Report/2023-10-30_NetSupport-to-Domain-Compromise.md,https://thedfirreport.com/2023/10/30/netsupport-intrusion-results-in-domain-compromise/,f32e74da560ed8e9e782410a7b3bdf21fe4a869e2ac02c4a465b93e6aa01125b,Active Directory or privilege escalation,Windows/AD,HTTP 200; Markdown extracted; 4861 words
DFIR-2023-12-04,The DFIR Report,2023-12-04,SQL Brute Force Leads to BlueSky Ransomware,A,HTML,The_DFIR_Report/2023-12-04_SQL-Brute-Force-to-BlueSky.html,The_DFIR_Report/2023-12-04_SQL-Brute-Force-to-BlueSky.md,https://thedfirreport.com/2023/12/04/sql-brute-force-leads-to-bluesky-ransomware/,11a9c1991b3f078c85a71bcb80230bf7d453fa5052e9439dbb5532776588b319,MSSQL brute force; xp_cmdshell; remote services; ransomware,Windows/AD,HTTP 200; Markdown extracted; 2563 words
DFIR-2023-12-18-7f071925,The DFIR Report,2023-12-18,Lets Open(Dir) Some Presents: An Analysis of a Persistent Actor’s Activity - The DFIR Report,A,HTML,The_DFIR_Report/2023-12-18_lets-opendir-some-presents-an-analysis-of-a-persistent-actors-activity.html,The_DFIR_Report/2023-12-18_lets-opendir-some-presents-an-analysis-of-a-persistent-actors-activity.md,https://thedfirreport.com/2023/12/18/lets-opendir-some-presents-an-analysis-of-a-persistent-actors-activity/,36226667347a7abe60c3c33e3336f4608e9ff2278ac2b18bf10a70f0870afbcb,multi-stage intrusion investigation,Windows/AD,HTTP 200; Markdown extracted; 4268 words
DFIR-2024-01-29-01-29_Trigona-in-3-Hours,The DFIR Report,2024-01-29,Buzzing on Christmas Eve: Trigona Ransomware in 3 Hours - The DFIR Report,A,HTML,The_DFIR_Report/2024-01-29_Trigona-in-3-Hours.html,The_DFIR_Report/2024-01-29_Trigona-in-3-Hours.md,https://thedfirreport.com/2024/01/29/buzzing-on-christmas-eve-trigona-ransomware-in-3-hours/,65519fee5386a72b7b5e310e2e3e536d790de7da68162cc08d4c92048af12a10,impact or ransomware,Windows/AD,HTTP 200; Markdown extracted; 3878 words
DFIR-2024-02-26-Loader-to-Domain-Control,The DFIR Report,2024-02-26,SEO Poisoning to Domain Control: The Gootloader Saga Continues - The DFIR Report,A,HTML,The_DFIR_Report/2024-02-26_GootLoader-to-Domain-Control.html,The_DFIR_Report/2024-02-26_GootLoader-to-Domain-Control.md,https://thedfirreport.com/2024/02/26/seo-poisoning-to-domain-control-the-gootloader-saga-continues/,f186dc59468c73f9475372e3c2d865768c4d2c1d4de86ceb21f7fe2dfed86149,phishing or user execution; Active Directory or privilege escalation,Windows/AD,HTTP 200; Markdown extracted; 4587 words
DFIR-2024-03-04-ess-to-Godzilla-WebShell,The DFIR Report,2024-03-04,"Threat Brief: WordPress Plugin Exploit Leads to Godzilla Web Shell, Discovery & New CVE - The DFIR Report",A,PDF,The_DFIR_Report/2024-03-04_WordPress-to-Godzilla-WebShell.pdf,The_DFIR_Report/2024-03-04_WordPress-to-Godzilla-WebShell.md,https://thedfirreport.com/2024/03/04/threat-brief-wordpress-exploit-leads-to-godzilla-web-shell-discovery-new-cve/,bcb7b9b90ec53d248f96918b99c0944bab1a208e0e52d194851bdc88394081f1,public-facing exploitation; remote services or credential attack,Linux/Windows/Enterprise,PDF; 6 pages; landing HTML archived; Markdown summary 291 words
DFIR-2024-04-01-ote-IcedID-to-Ransomware,The DFIR Report,2024-04-01,From OneNote to RansomNote: An Ice Cold Intrusion - The DFIR Report,A,HTML,The_DFIR_Report/2024-04-01_OneNote-IcedID-to-Ransomware.html,The_DFIR_Report/2024-04-01_OneNote-IcedID-to-Ransomware.md,https://thedfirreport.com/2024/04/01/from-onenote-to-ransomnote-an-ice-cold-intrusion/,d30d141560cff570d1855d8e8f9906d7ae26db433c3f43ab55debd2a41b2e45d,phishing or user execution; impact or ransomware,Windows/AD,HTTP 200; Markdown extracted; 6126 words
DFIR-2024-04-29-9_IcedID-to-Dagon-Locker,The DFIR Report,2024-04-29,From IcedID to Dagon Locker Ransomware in 29 Days - The DFIR Report,A,HTML,The_DFIR_Report/2024-04-29_IcedID-to-Dagon-Locker.html,The_DFIR_Report/2024-04-29_IcedID-to-Dagon-Locker.md,https://thedfirreport.com/2024/04/29/from-icedid-to-dagon-locker-ransomware-in-29-days/,522774f8c34c57c33184b9b7acba7926d2efcd1f3f4954b896530af84262f3e0,phishing or user execution; impact or ransomware,Windows/AD,HTTP 200; Markdown extracted; 3938 words
DFIR-2024-06-10-D-ScreenConnect-to-ALPHV,The DFIR Report,2024-06-10,IcedID Brings ScreenConnect and CSharp Streamer to ALPHV Ransomware Deployment - The DFIR Report,A,HTML,The_DFIR_Report/2024-06-10_IcedID-ScreenConnect-to-ALPHV.html,The_DFIR_Report/2024-06-10_IcedID-ScreenConnect-to-ALPHV.md,https://thedfirreport.com/2024/06/10/icedid-brings-screenconnect-and-csharp-streamer-to-alphv-ransomware-deployment/,97618a716281287a129a164c6b33ac747ead2367dcb358eb376dac9d03e44bba,phishing or user execution; impact or ransomware,Windows/AD,HTTP 200; Markdown extracted; 4888 words
DFIR-2024-08-12-2c5d2945,The DFIR Report,2024-08-12,"Threat Actors' Toolkit: Leveraging Sliver, PoshC2 & Batch Scripts - The DFIR Report",A,HTML,The_DFIR_Report/2024-08-12_threat-actors-toolkit-leveraging-sliver-poshc2-batch-scripts.html,The_DFIR_Report/2024-08-12_threat-actors-toolkit-leveraging-sliver-poshc2-batch-scripts.md,https://thedfirreport.com/2024/08/12/threat-actors-toolkit-leveraging-sliver-poshc2-batch-scripts/,6b59ca01d32ace908944633cb300dc5e9cd6fb159a5dfdd64c3c2a587b1db296,multi-stage intrusion investigation,Windows/AD,HTTP 200; Markdown extracted; 6261 words
DFIR-2024-08-26-465d2685,The DFIR Report,2024-08-26,BlackSuit Ransomware - The DFIR Report,A,HTML,The_DFIR_Report/2024-08-26_blacksuit-ransomware.html,The_DFIR_Report/2024-08-26_blacksuit-ransomware.md,https://thedfirreport.com/2024/08/26/blacksuit-ransomware/,20086188720237a3b57c86c43262ccb10e888158e9d9d8516c0b9ed5af1b588b,impact or ransomware,Windows/AD,HTTP 200; Markdown extracted; 5768 words
DFIR-2024-09-30-rogen-Sliver-to-BlackCat,The DFIR Report,2024-09-30,Nitrogen Campaign Drops Sliver and Ends With BlackCat Ransomware - The DFIR Report,A,HTML,The_DFIR_Report/2024-09-30_Nitrogen-Sliver-to-BlackCat.html,The_DFIR_Report/2024-09-30_Nitrogen-Sliver-to-BlackCat.md,https://thedfirreport.com/2024/09/30/nitrogen-campaign-drops-sliver-and-ends-with-blackcat-ransomware/,fa0e39e5e4b78ebe1efd2ec3591631bc9e2bdcd1174c14e3344e4df628d85d0c,phishing or user execution; impact or ransomware,Windows/AD,HTTP 200; Markdown extracted; 5163 words
DFIR-2024-10-28-ecfe033d,The DFIR Report,2024-10-28,Inside the Open Directory of the “You Dun” Threat Group - The DFIR Report,A,HTML,The_DFIR_Report/2024-10-28_inside-the-open-directory-of-the-you-dun-threat-group.html,The_DFIR_Report/2024-10-28_inside-the-open-directory-of-the-you-dun-threat-group.md,https://thedfirreport.com/2024/10/28/inside-the-open-directory-of-the-you-dun-threat-group/,e6d1ec8aa70d4ab726912b243931ff4fff90d6d6e07cff3ea784dedf7637bf6c,multi-stage intrusion investigation,Windows/AD,HTTP 200; Markdown extracted; 2904 words
DFIR-2024-12-02-b9755770,The DFIR Report,2024-12-02,The Curious Case of an Egg-Cellent Resume - The DFIR Report,A,HTML,The_DFIR_Report/2024-12-02_the-curious-case-of-an-egg-cellent-resume.html,The_DFIR_Report/2024-12-02_the-curious-case-of-an-egg-cellent-resume.md,https://thedfirreport.com/2024/12/02/the-curious-case-of-an-egg-cellent-resume/,8bcde9be244630501899ae6fd68bb1604b50b502c75da55a4bb89445265d9e36,multi-stage intrusion investigation,Windows/AD,HTTP 200; Markdown extracted; 5610 words
DFIR-2025-01-27,The DFIR Report,2025-01-27,Cobalt Strike and a Pair of SOCKS Lead to LockBit Ransomware,A,HTML,The_DFIR_Report/2025-01-27_Cobalt-Strike-SOCKS-to-LockBit.html,The_DFIR_Report/2025-01-27_Cobalt-Strike-SOCKS-to-LockBit.md,https://thedfirreport.com/2025/01/27/cobalt-strike-and-a-pair-of-socks-lead-to-lockbit-ransomware/,fbc0225e8f982a6638dc652569169027ec1891e24b776fbc25cf9c1a013711f6,Cobalt Strike; scheduled tasks; proxies; RDP; exfiltration; LockBit,Windows/AD,HTTP 200; Markdown extracted; 4698 words
DFIR-2025-02-24-uence-Exploit-to-LockBit,The DFIR Report,2025-02-24,Confluence Exploit Leads to LockBit Ransomware - The DFIR Report,A,HTML,The_DFIR_Report/2025-02-24_Confluence-Exploit-to-LockBit.html,The_DFIR_Report/2025-02-24_Confluence-Exploit-to-LockBit.md,https://thedfirreport.com/2025/02/24/confluence-exploit-leads-to-lockbit-ransomware/,320469930f3eda04cf37ac32a8258eda0ec74b6a9fd8dea0a1fff87166488ffc,public-facing exploitation; impact or ransomware,Linux/Windows/Enterprise,HTTP 200; Markdown extracted; 3964 words
DFIR-2025-03-31-1_Fake-Zoom-to-BlackSuit,The DFIR Report,2025-03-31,Fake Zoom Ends in BlackSuit Ransomware - The DFIR Report,A,HTML,The_DFIR_Report/2025-03-31_Fake-Zoom-to-BlackSuit.html,The_DFIR_Report/2025-03-31_Fake-Zoom-to-BlackSuit.md,https://thedfirreport.com/2025/03/31/fake-zoom-ends-in-blacksuit-ransomware/,997d8dd95cf48263e385bdd7d8371cae644d41a655a9704adfc6e35ce8b42d83,phishing or user execution; impact or ransomware,Windows/AD,HTTP 200; Markdown extracted; 4066 words
DFIR-2025-04-28-3b49fcf3,The DFIR Report,2025-04-28,Navigating Through The Fog - The DFIR Report,A,HTML,The_DFIR_Report/2025-04-28_navigating-through-the-fog.html,The_DFIR_Report/2025-04-28_navigating-through-the-fog.md,https://thedfirreport.com/2025/04/28/navigating-through-the-fog/,0d0af040989f7ed53bd5f02c3bc844ec40db5462b3b463d094a706ab8992c056,multi-stage intrusion investigation,Windows/AD,HTTP 200; Markdown extracted; 2165 words
DFIR-2025-05-19-eec1ef65,The DFIR Report,2025-05-19,Another Confluence Bites the Dust: Falling to ELPACO-team Ransomware - The DFIR Report,A,HTML,The_DFIR_Report/2025-05-19_another-confluence-bites-the-dust-falling-to-elpaco-team-ransomware.html,The_DFIR_Report/2025-05-19_another-confluence-bites-the-dust-falling-to-elpaco-team-ransomware.md,https://thedfirreport.com/2025/05/19/another-confluence-bites-the-dust-falling-to-elpaco-team-ransomware/,f18f59a54a756ed906177e321f7f12a8ba4dd7a637e48dac95530fdeb4b20e8b,public-facing exploitation; impact or ransomware,Linux/Windows/Enterprise,HTTP 200; Markdown extracted; 7694 words
DFIR-2025-06-30-sword-Spray-to-RansomHub,The DFIR Report,2025-06-30,Hide Your RDP: Password Spray Leads to RansomHub Deployment - The DFIR Report,A,HTML,The_DFIR_Report/2025-06-30_RDP-Password-Spray-to-RansomHub.html,The_DFIR_Report/2025-06-30_RDP-Password-Spray-to-RansomHub.md,https://thedfirreport.com/2025/06/30/hide-your-rdp-password-spray-leads-to-ransomhub-deployment/,d6af34bd1e2ca87c8df93fc87cfbe3244873c3538ab0af43f03d1108d9d2d47a,remote services or credential attack; impact or ransomware,Windows/AD,HTTP 200; Markdown extracted; 4507 words
DFIR-2025-07-14-b60b5bf9,The DFIR Report,2025-07-14,KongTuke FileFix Leads to New Interlock RAT Variant - The DFIR Report,A,HTML,The_DFIR_Report/2025-07-14_kongtuke-filefix-leads-to-new-interlock-rat-variant.html,The_DFIR_Report/2025-07-14_kongtuke-filefix-leads-to-new-interlock-rat-variant.md,https://thedfirreport.com/2025/07/14/kongtuke-filefix-leads-to-new-interlock-rat-variant/,8a75d48815bbdab9cb2bb5e37697fcd4432c273ac34361dd1643df940f4b6835,multi-stage intrusion investigation,Windows/AD,HTTP 200; Markdown extracted; 1211 words
DFIR-2025-08-05-c359f7ed,The DFIR Report,2025-08-05,Flash Alert: From Bing Search to Ransomware: Bumblebee and AdaptixC2 Deliver Akira - The DFIR Report,A,HTML,The_DFIR_Report/2025-08-05_from-bing-search-to-ransomware-bumblebee-and-adaptixc2-deliver-akira-2.html,The_DFIR_Report/2025-08-05_from-bing-search-to-ransomware-bumblebee-and-adaptixc2-deliver-akira-2.md,https://thedfirreport.com/2025/08/05/from-bing-search-to-ransomware-bumblebee-and-adaptixc2-deliver-akira-2/,46e4079769c8aa37b8030fb509821b6a928ff3442c91dc783b60285961d3bbf9,phishing or user execution; impact or ransomware,Windows/AD,HTTP 200; Markdown extracted; 1586 words
DFIR-2025-09-08-6cda1ca9,The DFIR Report,2025-09-08,Blurring the Lines: Intrusion Shows Connection With Three Major Ransomware Gangs - The DFIR Report,A,HTML,The_DFIR_Report/2025-09-08_blurring-the-lines-intrusion-shows-connection-with-three-major-ransomware-gangs.html,The_DFIR_Report/2025-09-08_blurring-the-lines-intrusion-shows-connection-with-three-major-ransomware-gangs.md,https://thedfirreport.com/2025/09/08/blurring-the-lines-intrusion-shows-connection-with-three-major-ransomware-gangs/,23f3aa4a7d6c6a10ce5f3197babc8ba7b1911eb95e4e133194bf72560f7e1af6,impact or ransomware,Windows/AD,HTTP 200; Markdown extracted; 6323 words
DFIR-2025-09-29-845ecca4,The DFIR Report,2025-09-29,From a Single Click: How Lunar Spider Enabled a Near Two-Month Intrusion - The DFIR Report,A,HTML,The_DFIR_Report/2025-09-29_from-a-single-click-how-lunar-spider-enabled-a-near-two-month-intrusion.html,The_DFIR_Report/2025-09-29_from-a-single-click-how-lunar-spider-enabled-a-near-two-month-intrusion.md,https://thedfirreport.com/2025/09/29/from-a-single-click-how-lunar-spider-enabled-a-near-two-month-intrusion/,5c53586dd80e1408ccda340ebb2dc3f9333e0e89928c318fad40d863292d2d78,multi-stage intrusion investigation,Windows/AD,HTTP 200; Markdown extracted; 7220 words
DFIR-2025-12-17-28ded129,The DFIR Report,2025-12-17,Cat’s Got Your Files: Lynx Ransomware - The DFIR Report,A,HTML,The_DFIR_Report/2025-12-17_cats-got-your-files-lynx-ransomware.html,The_DFIR_Report/2025-12-17_cats-got-your-files-lynx-ransomware.md,https://thedfirreport.com/2025/12/17/cats-got-your-files-lynx-ransomware/,6ee9de46b5a4bb6d03f4847a6855e7b2556a4e3c3ab650e2ec55a333ec28b8f9,impact or ransomware,Windows/AD,HTTP 200; Markdown extracted; 4753 words
DFIR-2026-02-23-ache-ActiveMQ-to-LockBit,The DFIR Report,2026-02-23,Apache ActiveMQ Exploit Leads to LockBit Ransomware - The DFIR Report,A,HTML,The_DFIR_Report/2026-02-23_Apache-ActiveMQ-to-LockBit.html,The_DFIR_Report/2026-02-23_Apache-ActiveMQ-to-LockBit.md,https://thedfirreport.com/2026/02/23/apache-activemq-exploit-leads-to-lockbit-ransomware/,ace3d839ae71c9a341308dcc6ab0012bd89603e980c01030f2edf965f632239f,public-facing exploitation; impact or ransomware,Linux/Windows/Enterprise,HTTP 200; Markdown extracted; 3613 words
DFIR-2026-04-22-cc92fce8,The DFIR Report,2026-04-22,Bissa Scanner Exposed: AI-Assisted Mass Exploitation and Credential Harvesting - The DFIR Report,A,HTML,The_DFIR_Report/2026-04-22_bissa-scanner-exposed-ai-assisted-mass-exploitation-and-credential-harvesting.html,The_DFIR_Report/2026-04-22_bissa-scanner-exposed-ai-assisted-mass-exploitation-and-credential-harvesting.md,https://thedfirreport.com/2026/04/22/bissa-scanner-exposed-ai-assisted-mass-exploitation-and-credential-harvesting/,244fc66c903ebceea84c38a4daf453ccca8c178c1eb7cac4526ae568dcbec592,public-facing exploitation,Windows/AD,HTTP 200; Markdown extracted; 2006 words
DFIR-2026-05-11-5d98c447,The DFIR Report,2026-05-11,Flash Alert: EtherRat and TukTuk C2 End in The Gentleman Ransomware - The DFIR Report,A,HTML,The_DFIR_Report/2026-05-11_flash-alert-etherrat-and-tuktuk-c2-end-in-the-gentleman-ransomware.html,The_DFIR_Report/2026-05-11_flash-alert-etherrat-and-tuktuk-c2-end-in-the-gentleman-ransomware.md,https://thedfirreport.com/2026/05/11/flash-alert-etherrat-and-tuktuk-c2-end-in-the-gentleman-ransomware/,ddd2b6036c612949db9673a4dc8c512714f9785bf3cb727a0e72db6c5805249a,impact or ransomware,Windows/AD,HTTP 200; Markdown extracted; 1875 words
DFIR-2026-06-29-71aeecc0,The DFIR Report,2026-06-29,From Bing Search to Ransomware: Bumblebee and AdaptixC2 Deliver Akira - The DFIR Report,A,HTML,The_DFIR_Report/2026-06-29_from-bing-search-to-ransomware-bumblebee-and-adaptixc2-deliver-akira-3.html,The_DFIR_Report/2026-06-29_from-bing-search-to-ransomware-bumblebee-and-adaptixc2-deliver-akira-3.md,https://thedfirreport.com/2026/06/29/from-bing-search-to-ransomware-bumblebee-and-adaptixc2-deliver-akira-3/,d3ca60e6ae3f3d4671dd3d244a253be33f4c5e68be9a2200982e641730a246b5,phishing or user execution; impact or ransomware,Windows/AD,HTTP 200; Markdown extracted; 7073 words
DFIR-2026-08-24-3a78fef4,The DFIR Report,2026-08-24,BengalSEO Part 1: Anatomy of the Operation - The DFIR Report,A,HTML,The_DFIR_Report/2026-08-24_bengalseo-part-1-anatomy-of-the-operation.html,The_DFIR_Report/2026-08-24_bengalseo-part-1-anatomy-of-the-operation.md,https://thedfirreport.com/2026/08/24/bengalseo-part-1-anatomy-of-the-operation/,9ae61c6678cd48aeae9e3825e7d995e3048cf3b7339aaf08defd66630c62b69a,multi-stage intrusion investigation,Windows/AD,HTTP 200; Markdown extracted; 4494 words
UNIT42-2021-10-18-o-Network-Reconnaissance,Unit 42,2021-10-18,Case Study: From BazarLoader to Network Reconnaissance,A,HTML,Unit42/BazarLoader-to-Network-Reconnaissance.html,Unit42/BazarLoader-to-Network-Reconnaissance.md,https://unit42.paloaltonetworks.com/bazarloader-network-reconnaissance/,cab7a86e26d98b842104ae537b239f6b4958ebd8b41263c08f79165d570e984f,phishing or user execution,Windows/AD,HTTP 200; Markdown extracted; 1448 words
UNIT42-2022-08-03,Unit 42,2022-08-03,Flight of the Bumblebee: Email Lures and File Sharing Services Lead to Malware,A,HTML,Unit42/Flight-of-the-Bumblebee.html,Unit42/Flight-of-the-Bumblebee.md,https://unit42.paloaltonetworks.com/bumblebee-malware-projector-libra/,02434fa0201462d7cb410cc51f178c5291fcf8f1278bb43bb3459cc62a6dfbe3,email interaction; file sharing; Bumblebee; Cobalt Strike,Windows,HTTP 200; Markdown extracted; 1949 words
UNIT42-2024-08-23,Unit 42,2024-08-23,Bling Libra's Tactical Evolution: The Threat Actor Group Behind ShinyHunters Ransomware,A,HTML,Unit42/Bling-Libra-ShinyHunters.html,Unit42/Bling-Libra-ShinyHunters.md,https://unit42.paloaltonetworks.com/shinyhunters-ransomware-extortion/,857e9eb825dd90807cc28da5f13ae6573fae155ec0801e883b453902ebcab7a5,valid cloud credentials; S3 Browser; WinSCP; deletion; cloud logs,AWS/Windows,HTTP 200; Markdown extracted; 3283 words
UNIT42-2024-11-20-noble-Scorpius-BlackSuit,Unit 42,2024-11-20,"Threat Assessment: Ignoble Scorpius, Distributors of BlackSuit Ransomware",A,HTML,Unit42/Ignoble-Scorpius-BlackSuit.html,Unit42/Ignoble-Scorpius-BlackSuit.md,https://unit42.paloaltonetworks.com/threat-assessment-blacksuit-ransomware-ignoble-scorpius/,0feafeef7858acafd8b4611b7e5d35f54eaee8b50e7b9485db5b73932f1be654,impact or ransomware,Windows/AD,HTTP 200; Markdown extracted; 6449 words
UNIT42-2025-04-23-somware-Extortion-Trends,Unit 42,2025-04-23,Extortion and Ransomware Trends January-March 2025,B,HTML,Unit42/2025-Ransomware-Extortion-Trends.html,Unit42/2025-Ransomware-Extortion-Trends.md,https://unit42.paloaltonetworks.com/2025-ransomware-extortion-trends/,1fd8052181f5312a88e991dc80c7839fd3d2a5e167251fdbefc3ae4d325a5636,impact or ransomware,Windows/AD,HTTP 200; Markdown extracted; 2256 words
UNIT42-2025-05-16--Libra-Threat-Assessment,Unit 42,2025-05-16,"Threat Group Assessment: Muddled Libra (Updated May 16, 2025)",A,HTML,Unit42/Muddled-Libra-Threat-Assessment.html,Unit42/Muddled-Libra-Threat-Assessment.md,https://unit42.paloaltonetworks.com/threat-group-assessment-muddled-libra-2024/,1a14e93dddd54ae8a373067b10e2cae8eabb5f83f501693747f4fc61fb162f6f,identity or cloud investigation,Windows/AD,HTTP 200; Markdown extracted; 4269 words
UNIT42-2026-02-10,Unit 42,2026-02-10,A Peek Into Muddled Libra's Operational Playbook,A,HTML,Unit42/Muddled-Libra-Operational-Playbook.html,Unit42/Muddled-Libra-Operational-Playbook.md,https://unit42.paloaltonetworks.com/muddled-libra-ops-playbook/,303a044422e4934d67588a6a9163dfb5da3c25459ca11d96bbec2cb12ecbcb9e,rogue VM; vSphere; certificates; AD lateral movement; Snowflake,VMware/Windows/Cloud,HTTP 200; Markdown extracted; 2559 words
UNIT42-2026-05-11-AD-CS-Escalation,Unit 42,2026-05-11,Inside AD CS Escalation: Unpacking Advanced Misuse Techniques and Tools,A,HTML,Unit42/AD-CS-Escalation.html,Unit42/AD-CS-Escalation.md,https://origin-unit42.paloaltonetworks.com/active-directory-certificate-services-exploitation/,dc9ac30f63b01941291ac3da5a190f5ff941d657a45f1b411939c5717a7cd0c7,Active Directory or privilege escalation,Windows/AD,HTTP 200; Markdown extracted; 3869 words
